N,detuning,g,kappa,Gamma,omega,Lambda,scale,Tmax,intracavity_photon_number,spin_state,spin_command
4,-1.300000000000038,3.7,1.0,0.36,10.0,0.1,1.0,60.0,0.0067399936254868,y,""""""
4,-0.7000000000000401,3.7,1.0,0.36,10.0,0.1,1.0,60.0,0.0079014993210985,y,""""""
4,-8.500000000000012,3.7,1.0,0.36,10.0,0.1,1.0,60.0,0.0003092006887635,y,""""""
4,-9.900000000000007,3.7,1.0,0.36,10.0,0.1,1.0,60.0,0.0005689929759481,y,""""""
4,-10.000000000000009,3.7,1.0,0.36,10.0,0.1,1.0,60.0,0.0005445441814906,y,""""""
4,-8.600000000000012,3.7,1.0,0.36,10.0,0.1,1.0,60.0,0.0003336643318758,y,""""""
4,-0.8000000000000398,3.7,1.0,0.36,10.0,0.1,1.0,60.0,0.0080777203980727,y,""""""
4,-1.4000000000000377,3.7,1.0,0.36,10.0,0.1,1.0,60.0,0.0059046896158451,y,""""""
4,-1.000000000000039,3.7,1.0,0.36,10.0,0.1,1.0,60.0,0.0083494844271536,y,""""""
4,-1.600000000000037,3.7,1.0,0.36,10.0,0.1,1.0,60.0,0.0045333356361332,y,""""""
4,-9.800000000000008,3.7,1.0,0.36,10.0,0.1,1.0,60.0,0.0006029757006735,y,""""""
4,-8.400000000000013,3.7,1.0,0.36,10.0,0.1,1.0,60.0,0.0002732906848418,y,""""""
4,-8.300000000000013,3.7,1.0,0.36,10.0,0.1,1.0,60.0,0.0002333912910909,y,""""""
4,-9.700000000000008,3.7,1.0,0.36,10.0,0.1,1.0,60.0,0.0006331933423935,y,""""""
4,-1.5000000000000373,3.7,1.0,0.36,10.0,0.1,1.0,60.0,0.0051516120070833,y,""""""
4,-0.9000000000000394,3.7,1.0,0.36,10.0,0.1,1.0,60.0,0.0082881905628312,y,""""""
4,-0.5000000000000409,3.7,1.0,0.36,10.0,0.1,1.0,60.0,0.0081480756447477,y,""""""
4,-1.900000000000036,3.7,1.0,0.36,10.0,0.1,1.0,60.0,0.0035669840826568,y,""""""
4,-9.30000000000001,3.7,1.0,0.36,10.0,0.1,1.0,60.0,0.0005018142549461,y,""""""
4,-8.700000000000012,3.7,1.0,0.36,10.0,0.1,1.0,60.0,0.000344719161654,y,""""""
4,-8.800000000000011,3.7,1.0,0.36,10.0,0.1,1.0,60.0,0.000347936188128,y,""""""
4,-9.40000000000001,3.7,1.0,0.36,10.0,0.1,1.0,60.0,0.0005671169836048,y,""""""
4,-2.0000000000000355,3.7,1.0,0.36,10.0,0.1,1.0,60.0,0.0034751099991616,y,""""""
4,-0.6000000000000405,3.7,1.0,0.36,10.0,0.1,1.0,60.0,0.0079001823629218,y,""""""
4,-1.8000000000000362,3.7,1.0,0.36,10.0,0.1,1.0,60.0,0.0037550139613374,y,""""""
4,-0.4000000000000412,3.7,1.0,0.36,10.0,0.1,1.0,60.0,0.0086586450398828,y,""""""
4,-10.200000000000006,3.7,1.0,0.36,10.0,0.1,1.0,60.0,0.000547031587201,y,""""""
4,-9.00000000000001,3.7,1.0,0.36,10.0,0.1,1.0,60.0,0.0003663634552715,y,""""""
4,-9.600000000000009,3.7,1.0,0.36,10.0,0.1,1.0,60.0,0.0006426312931351,y,""""""
4,-9.500000000000009,3.7,1.0,0.36,10.0,0.1,1.0,60.0,0.0006195251130473,y,""""""
4,-8.900000000000011,3.7,1.0,0.36,10.0,0.1,1.0,60.0,0.0003524464252395,y,""""""
4,-10.100000000000009,3.7,1.0,0.36,10.0,0.1,1.0,60.0,0.000536778335095,y,""""""
4,-0.3000000000000415,3.7,1.0,0.36,10.0,0.1,1.0,60.0,0.0093795071236417,y,""""""
4,-1.7000000000000366,3.7,1.0,0.36,10.0,0.1,1.0,60.0,0.0040705083288747,y,""""""
4,-11.7,3.7,1.0,0.36,10.0,0.1,1.0,60.0,0.0002887769562517,y,""""""
4,-6.40000000000002,3.7,1.0,0.36,10.0,0.1,1.0,60.0,0.0001250953531446,y,""""""
4,-7.800000000000015,3.7,1.0,0.36,10.0,0.1,1.0,60.0,0.0001143935825123,y,""""""
4,-2.5000000000000338,3.7,1.0,0.36,10.0,0.1,1.0,60.0,0.0026675701511556,y,""""""
4,-3.9000000000000288,3.7,1.0,0.36,10.0,0.1,1.0,60.0,0.000512237382088,y,""""""
4,-4.000000000000028,3.7,1.0,0.36,10.0,0.1,1.0,60.0,0.0004744782149657,y,""""""
4,-2.6000000000000334,3.7,1.0,0.36,10.0,0.1,1.0,60.0,0.0023263182168771,y,""""""
4,-7.700000000000015,3.7,1.0,0.36,10.0,0.1,1.0,60.0,0.0001062805629007,y,""""""
4,-6.30000000000002,3.7,1.0,0.36,10.0,0.1,1.0,60.0,0.0001306385430094,y,""""""
4,-11.8,3.7,1.0,0.36,10.0,0.1,1.0,60.0,0.000266783209113,y,""""""
4,-12.0,3.7,1.0,0.36,10.0,0.1,1.0,60.0,0.0002262637296098,y,""""""
4,-7.900000000000015,3.7,1.0,0.36,10.0,0.1,1.0,60.0,0.0001263160213954,y,""""""
4,-6.50000000000002,3.7,1.0,0.36,10.0,0.1,1.0,60.0,0.0001199513912172,y,""""""
4,-5.1000000000000245,3.7,1.0,0.36,10.0,0.1,1.0,60.0,0.000236551356401,y,""""""
4,-3.800000000000029,3.7,1.0,0.36,10.0,0.1,1.0,60.0,0.0005551466063736,y,""""""
4,-2.400000000000034,3.7,1.0,0.36,10.0,0.1,1.0,60.0,0.0029855029245561,y,""""""
4,-2.3000000000000345,3.7,1.0,0.36,10.0,0.1,1.0,60.0,0.0032284383639586,y,""""""
4,-3.7000000000000295,3.7,1.0,0.36,10.0,0.1,1.0,60.0,0.0006043129368206,y,""""""
4,-5.200000000000024,3.7,1.0,0.36,10.0,0.1,1.0,60.0,0.0002244111192956,y,""""""
4,-6.600000000000019,3.7,1.0,0.36,10.0,0.1,1.0,60.0,0.0001151967025003,y,""""""
4,-8.000000000000014,3.7,1.0,0.36,10.0,0.1,1.0,60.0,0.0001431925268657,y,""""""
4,-11.9,3.7,1.0,0.36,10.0,0.1,1.0,60.0,0.0002455558653662,y,""""""
4,-11.500000000000002,3.7,1.0,0.36,10.0,0.1,1.0,60.0,0.0003262975406898,y,""""""
4,-4.200000000000028,3.7,1.0,0.36,10.0,0.1,1.0,60.0,0.0004109731191042,y,""""""
4,-7.600000000000016,3.7,1.0,0.36,10.0,0.1,1.0,60.0,0.000101052017213,y,""""""
4,-7.000000000000018,3.7,1.0,0.36,10.0,0.1,1.0,60.0,0.0001010894662313,y,""""""
4,-3.300000000000031,3.7,1.0,0.36,10.0,0.1,1.0,60.0,0.0008957088525277,y,""""""
4,-2.700000000000033,3.7,1.0,0.36,10.0,0.1,1.0,60.0,0.0020045898828702,y,""""""
4,-2.8000000000000327,3.7,1.0,0.36,10.0,0.1,1.0,60.0,0.0017237744395557,y,""""""
4,-3.4000000000000306,3.7,1.0,0.36,10.0,0.1,1.0,60.0,0.0008044305232906,y,""""""
4,-6.900000000000018,3.7,1.0,0.36,10.0,0.1,1.0,60.0,0.0001038253176793,y,""""""
4,-7.500000000000016,3.7,1.0,0.36,10.0,0.1,1.0,60.0,9.802748153199268e-05,y,""""""
4,-4.100000000000028,3.7,1.0,0.36,10.0,0.1,1.0,60.0,0.0004409692681714,y,""""""
4,-11.6,3.7,1.0,0.36,10.0,0.1,1.0,60.0,0.0003093872686434,y,""""""
4,-11.400000000000002,3.7,1.0,0.36,10.0,0.1,1.0,60.0,0.000339026173763,y,""""""
4,-6.700000000000019,3.7,1.0,0.36,10.0,0.1,1.0,60.0,0.0001108969793848,y,""""""
4,-7.300000000000017,3.7,1.0,0.36,10.0,0.1,1.0,60.0,9.647798253177354e-05,y,""""""
4,-3.000000000000032,3.7,1.0,0.36,10.0,0.1,1.0,60.0,0.0012945905352784,y,""""""
4,-3.60000000000003,3.7,1.0,0.36,10.0,0.1,1.0,60.0,0.0006610900685931,y,""""""
4,-3.50000000000003,3.7,1.0,0.36,10.0,0.1,1.0,60.0,0.0007271160844097,y,""""""
4,-2.9000000000000323,3.7,1.0,0.36,10.0,0.1,1.0,60.0,0.001488423361302,y,""""""
4,-7.400000000000016,3.7,1.0,0.36,10.0,0.1,1.0,60.0,9.662764664395807e-05,y,""""""
4,-6.8000000000000185,3.7,1.0,0.36,10.0,0.1,1.0,60.0,0.0001070958647656,y,""""""
4,-11.300000000000002,3.7,1.0,0.36,10.0,0.1,1.0,60.0,0.000350303151482,y,""""""
4,-1.300000000000038,3.7,1.0,0.36,10.0,0.1,1.0,60.0,0.0083607971770815,y,"""qutip.tensor([u,d,u,d])"""
4,-0.7000000000000401,3.7,1.0,0.36,10.0,0.1,1.0,60.0,0.0082876019721227,y,"""qutip.tensor([u,d,u,d])"""
4,-8.500000000000012,3.7,1.0,0.36,10.0,0.1,1.0,60.0,7.330843227873543e-05,y,"""qutip.tensor([u,d,u,d])"""
4,-9.900000000000007,3.7,1.0,0.36,10.0,0.1,1.0,60.0,7.459017765648607e-05,y,"""qutip.tensor([u,d,u,d])"""
4,-10.000000000000009,3.7,1.0,0.36,10.0,0.1,1.0,60.0,6.780481134899811e-05,y,"""qutip.tensor([u,d,u,d])"""
4,-8.600000000000012,3.7,1.0,0.36,10.0,0.1,1.0,60.0,7.864561994194942e-05,y,"""qutip.tensor([u,d,u,d])"""
4,-0.8000000000000398,3.7,1.0,0.36,10.0,0.1,1.0,60.0,0.0085987955104071,y,"""qutip.tensor([u,d,u,d])"""
4,-1.4000000000000377,3.7,1.0,0.36,10.0,0.1,1.0,60.0,0.0072638358768599,y,"""qutip.tensor([u,d,u,d])"""
4,-1.000000000000039,3.7,1.0,0.36,10.0,0.1,1.0,60.0,0.0095793245825129,y,"""qutip.tensor([u,d,u,d])"""
4,-1.600000000000037,3.7,1.0,0.36,10.0,0.1,1.0,60.0,0.0053268595923635,y,"""qutip.tensor([u,d,u,d])"""
4,-9.800000000000008,3.7,1.0,0.36,10.0,0.1,1.0,60.0,8.321498863105329e-05,y,"""qutip.tensor([u,d,u,d])"""
4,-8.400000000000013,3.7,1.0,0.36,10.0,0.1,1.0,60.0,7.051840366414098e-05,y,"""qutip.tensor([u,d,u,d])"""
4,-8.300000000000013,3.7,1.0,0.36,10.0,0.1,1.0,60.0,6.951506869390197e-05,y,"""qutip.tensor([u,d,u,d])"""
4,-9.700000000000008,3.7,1.0,0.36,10.0,0.1,1.0,60.0,9.167327218714195e-05,y,"""qutip.tensor([u,d,u,d])"""
4,-1.5000000000000373,3.7,1.0,0.36,10.0,0.1,1.0,60.0,0.0062094665622999,y,"""qutip.tensor([u,d,u,d])"""
4,-0.9000000000000394,3.7,1.0,0.36,10.0,0.1,1.0,60.0,0.0091124526138067,y,"""qutip.tensor([u,d,u,d])"""
4,-0.5000000000000409,3.7,1.0,0.36,10.0,0.1,1.0,60.0,0.0087516784378708,y,"""qutip.tensor([u,d,u,d])"""
4,-1.900000000000036,3.7,1.0,0.36,10.0,0.1,1.0,60.0,0.0038577259606441,y,"""qutip.tensor([u,d,u,d])"""
4,-9.30000000000001,3.7,1.0,0.36,10.0,0.1,1.0,60.0,0.0001012015647072,y,"""qutip.tensor([u,d,u,d])"""
4,-8.700000000000012,3.7,1.0,0.36,10.0,0.1,1.0,60.0,8.726722625454588e-05,y,"""qutip.tensor([u,d,u,d])"""
4,-8.800000000000011,3.7,1.0,0.36,10.0,0.1,1.0,60.0,0.0001002496017686,y,"""qutip.tensor([u,d,u,d])"""
4,-9.40000000000001,3.7,1.0,0.36,10.0,0.1,1.0,60.0,0.0001006742364848,y,"""qutip.tensor([u,d,u,d])"""
4,-2.0000000000000355,3.7,1.0,0.36,10.0,0.1,1.0,60.0,0.0036701486151442,y,"""qutip.tensor([u,d,u,d])"""
4,-0.6000000000000405,3.7,1.0,0.36,10.0,0.1,1.0,60.0,0.0083175560396049,y,"""qutip.tensor([u,d,u,d])"""
4,-1.8000000000000362,3.7,1.0,0.36,10.0,0.1,1.0,60.0,0.0041715062280636,y,"""qutip.tensor([u,d,u,d])"""
4,-0.4000000000000412,3.7,1.0,0.36,10.0,0.1,1.0,60.0,0.0096055850306515,y,"""qutip.tensor([u,d,u,d])"""
4,-10.200000000000006,3.7,1.0,0.36,10.0,0.1,1.0,60.0,6.740779883720147e-05,y,"""qutip.tensor([u,d,u,d])"""
4,-9.00000000000001,3.7,1.0,0.36,10.0,0.1,1.0,60.0,0.0001250978198758,y,"""qutip.tensor([u,d,u,d])"""
4,-9.600000000000009,3.7,1.0,0.36,10.0,0.1,1.0,60.0,9.77650590573908e-05,y,"""qutip.tensor([u,d,u,d])"""
4,-9.500000000000009,3.7,1.0,0.36,10.0,0.1,1.0,60.0,0.0001003354369808,y,"""qutip.tensor([u,d,u,d])"""
4,-8.900000000000011,3.7,1.0,0.36,10.0,0.1,1.0,60.0,0.0001166108949665,y,"""qutip.tensor([u,d,u,d])"""
4,-10.100000000000009,3.7,1.0,0.36,10.0,0.1,1.0,60.0,6.462534033781671e-05,y,"""qutip.tensor([u,d,u,d])"""
4,-0.3000000000000415,3.7,1.0,0.36,10.0,0.1,1.0,60.0,0.0108272593418007,y,"""qutip.tensor([u,d,u,d])"""
4,-1.7000000000000366,3.7,1.0,0.36,10.0,0.1,1.0,60.0,0.0046513632390833,y,"""qutip.tensor([u,d,u,d])"""
4,-11.7,3.7,1.0,0.36,10.0,0.1,1.0,60.0,0.0008887252065084,y,"""qutip.tensor([u,d,u,d])"""
4,-6.40000000000002,3.7,1.0,0.36,10.0,0.1,1.0,60.0,0.0001411085371529,y,"""qutip.tensor([u,d,u,d])"""
4,-7.800000000000015,3.7,1.0,0.36,10.0,0.1,1.0,60.0,7.778307162399527e-05,y,"""qutip.tensor([u,d,u,d])"""
4,-2.5000000000000338,3.7,1.0,0.36,10.0,0.1,1.0,60.0,0.002713336780026,y,"""qutip.tensor([u,d,u,d])"""
4,-3.9000000000000288,3.7,1.0,0.36,10.0,0.1,1.0,60.0,0.000555713739999,y,"""qutip.tensor([u,d,u,d])"""
4,-4.000000000000028,3.7,1.0,0.36,10.0,0.1,1.0,60.0,0.0005158340778331,y,"""qutip.tensor([u,d,u,d])"""
4,-2.6000000000000334,3.7,1.0,0.36,10.0,0.1,1.0,60.0,0.0023783422100463,y,"""qutip.tensor([u,d,u,d])"""
4,-7.700000000000015,3.7,1.0,0.36,10.0,0.1,1.0,60.0,8.086375426813256e-05,y,"""qutip.tensor([u,d,u,d])"""
4,-6.30000000000002,3.7,1.0,0.36,10.0,0.1,1.0,60.0,0.000147618738936,y,"""qutip.tensor([u,d,u,d])"""
4,-11.8,3.7,1.0,0.36,10.0,0.1,1.0,60.0,0.0007226703238756,y,"""qutip.tensor([u,d,u,d])"""
4,-12.0,3.7,1.0,0.36,10.0,0.1,1.0,60.0,0.0004890740577294,y,"""qutip.tensor([u,d,u,d])"""
4,-7.900000000000015,3.7,1.0,0.36,10.0,0.1,1.0,60.0,7.504280829553499e-05,y,"""qutip.tensor([u,d,u,d])"""
4,-6.50000000000002,3.7,1.0,0.36,10.0,0.1,1.0,60.0,0.0001349361547944,y,"""qutip.tensor([u,d,u,d])"""
4,-5.1000000000000245,3.7,1.0,0.36,10.0,0.1,1.0,60.0,0.0002628528856882,y,"""qutip.tensor([u,d,u,d])"""
4,-3.800000000000029,3.7,1.0,0.36,10.0,0.1,1.0,60.0,0.0006008020140155,y,"""qutip.tensor([u,d,u,d])"""
4,-2.400000000000034,3.7,1.0,0.36,10.0,0.1,1.0,60.0,0.00302873092442,y,"""qutip.tensor([u,d,u,d])"""
4,-2.3000000000000345,3.7,1.0,0.36,10.0,0.1,1.0,60.0,0.0032797443489574,y,"""qutip.tensor([u,d,u,d])"""
4,-3.7000000000000295,3.7,1.0,0.36,10.0,0.1,1.0,60.0,0.0006521412544248,y,"""qutip.tensor([u,d,u,d])"""
4,-5.200000000000024,3.7,1.0,0.36,10.0,0.1,1.0,60.0,0.0002495251921066,y,"""qutip.tensor([u,d,u,d])"""
4,-6.600000000000019,3.7,1.0,0.36,10.0,0.1,1.0,60.0,0.0001290893401818,y,"""qutip.tensor([u,d,u,d])"""
4,-8.000000000000014,3.7,1.0,0.36,10.0,0.1,1.0,60.0,7.271644217381669e-05,y,"""qutip.tensor([u,d,u,d])"""
4,-11.9,3.7,1.0,0.36,10.0,0.1,1.0,60.0,0.0005900589553406,y,"""qutip.tensor([u,d,u,d])"""
4,-11.500000000000002,3.7,1.0,0.36,10.0,0.1,1.0,60.0,0.0012340739648618,y,"""qutip.tensor([u,d,u,d])"""
4,-4.200000000000028,3.7,1.0,0.36,10.0,0.1,1.0,60.0,0.0004485194875125,y,"""qutip.tensor([u,d,u,d])"""
4,-7.600000000000016,3.7,1.0,0.36,10.0,0.1,1.0,60.0,8.417924383252433e-05,y,"""qutip.tensor([u,d,u,d])"""
4,-7.000000000000018,3.7,1.0,0.36,10.0,0.1,1.0,60.0,0.0001085460292562,y,"""qutip.tensor([u,d,u,d])"""
4,-3.300000000000031,3.7,1.0,0.36,10.0,0.1,1.0,60.0,0.0009521167081178,y,"""qutip.tensor([u,d,u,d])"""
4,-2.700000000000033,3.7,1.0,0.36,10.0,0.1,1.0,60.0,0.002062292247541,y,"""qutip.tensor([u,d,u,d])"""
4,-2.8000000000000327,3.7,1.0,0.36,10.0,0.1,1.0,60.0,0.0017849728581638,y,"""qutip.tensor([u,d,u,d])"""
4,-3.4000000000000306,3.7,1.0,0.36,10.0,0.1,1.0,60.0,0.0008586087952748,y,"""qutip.tensor([u,d,u,d])"""
4,-6.900000000000018,3.7,1.0,0.36,10.0,0.1,1.0,60.0,0.0001132920667964,y,"""qutip.tensor([u,d,u,d])"""
4,-7.500000000000016,3.7,1.0,0.36,10.0,0.1,1.0,60.0,8.772896935430479e-05,y,"""qutip.tensor([u,d,u,d])"""
4,-4.100000000000028,3.7,1.0,0.36,10.0,0.1,1.0,60.0,0.0004803243812205,y,"""qutip.tensor([u,d,u,d])"""
4,-11.6,3.7,1.0,0.36,10.0,0.1,1.0,60.0,0.0010723179243539,y,"""qutip.tensor([u,d,u,d])"""
4,-11.400000000000002,3.7,1.0,0.36,10.0,0.1,1.0,60.0,0.0013291041030276,y,"""qutip.tensor([u,d,u,d])"""
4,-6.700000000000019,3.7,1.0,0.36,10.0,0.1,1.0,60.0,0.000123546340637,y,"""qutip.tensor([u,d,u,d])"""
4,-7.300000000000017,3.7,1.0,0.36,10.0,0.1,1.0,60.0,9.539925956012128e-05,y,"""qutip.tensor([u,d,u,d])"""
4,-3.000000000000032,3.7,1.0,0.36,10.0,0.1,1.0,60.0,0.001356712620046,y,"""qutip.tensor([u,d,u,d])"""
4,-3.60000000000003,3.7,1.0,0.36,10.0,0.1,1.0,60.0,0.0007110374665361,y,"""qutip.tensor([u,d,u,d])"""
4,-3.50000000000003,3.7,1.0,0.36,10.0,0.1,1.0,60.0,0.0007791572351626,y,"""qutip.tensor([u,d,u,d])"""
4,-2.9000000000000323,3.7,1.0,0.36,10.0,0.1,1.0,60.0,0.0015509178713592,y,"""qutip.tensor([u,d,u,d])"""
4,-7.400000000000016,3.7,1.0,0.36,10.0,0.1,1.0,60.0,9.148400454959348e-05,y,"""qutip.tensor([u,d,u,d])"""
4,-6.8000000000000185,3.7,1.0,0.36,10.0,0.1,1.0,60.0,0.0001182863419404,y,"""qutip.tensor([u,d,u,d])"""
4,-11.300000000000002,3.7,1.0,0.36,10.0,0.1,1.0,60.0,0.001284464479171,y,"""qutip.tensor([u,d,u,d])"""
4,-0.6000000000000001,3.7,1.0,0.36,10.0,0.1,1.0,60.0,0.0083175560396047,y,"""qutip.tensor([u,d,u,d])"""
4,-0.8,3.7,1.0,0.36,10.0,0.1,1.0,60.0,0.0085987955104065,y,"""qutip.tensor([u,d,u,d])"""
4,-1.2,3.7,1.0,0.36,10.0,0.1,1.0,60.0,0.00925690725962,y,"""qutip.tensor([u,d,u,d])"""
4,-1.0,3.7,1.0,0.36,10.0,0.1,1.0,60.0,0.0095793245825128,y,"""qutip.tensor([u,d,u,d])"""
4,-0.2000000000000001,3.7,1.0,0.36,10.0,0.1,1.0,60.0,0.012224629631928,y,"""qutip.tensor([u,d,u,d])"""
4,-0.4000000000000001,3.7,1.0,0.36,10.0,0.1,1.0,60.0,0.009605585030652,y,"""qutip.tensor([u,d,u,d])"""
4,-9.900000000000007,3.7,1.0,0.36,10.0,0.1,1.0,60.0,7.459017765648607e-05,y,"""qutip.tensor([u,d,u,d])"""
4,-10.000000000000009,3.7,1.0,0.36,10.0,0.1,1.0,60.0,6.780481134899811e-05,y,"""qutip.tensor([u,d,u,d])"""
4,-9.800000000000008,3.7,1.0,0.36,10.0,0.1,1.0,60.0,8.321498863105329e-05,y,"""qutip.tensor([u,d,u,d])"""
4,-9.700000000000008,3.7,1.0,0.36,10.0,0.1,1.0,60.0,9.167327218714195e-05,y,"""qutip.tensor([u,d,u,d])"""
4,-9.30000000000001,3.7,1.0,0.36,10.0,0.1,1.0,60.0,0.0001012015647072,y,"""qutip.tensor([u,d,u,d])"""
4,-9.40000000000001,3.7,1.0,0.36,10.0,0.1,1.0,60.0,0.0001006742364848,y,"""qutip.tensor([u,d,u,d])"""
4,-10.200000000000006,3.7,1.0,0.36,10.0,0.1,1.0,60.0,6.740779883720147e-05,y,"""qutip.tensor([u,d,u,d])"""
4,-9.600000000000009,3.7,1.0,0.36,10.0,0.1,1.0,60.0,9.77650590573908e-05,y,"""qutip.tensor([u,d,u,d])"""
4,-9.500000000000009,3.7,1.0,0.36,10.0,0.1,1.0,60.0,0.0001003354369808,y,"""qutip.tensor([u,d,u,d])"""
4,-10.100000000000009,3.7,1.0,0.36,10.0,0.1,1.0,60.0,6.462534033781671e-05,y,"""qutip.tensor([u,d,u,d])"""
4,-11.7,3.7,1.0,0.36,10.0,0.1,1.0,60.0,0.0008887252065084,y,"""qutip.tensor([u,d,u,d])"""
4,-11.8,3.7,1.0,0.36,10.0,0.1,1.0,60.0,0.0007226703238756,y,"""qutip.tensor([u,d,u,d])"""
4,-12.0,3.7,1.0,0.36,10.0,0.1,1.0,6.0,0.0006064723190897,y,"""qutip.tensor([u,d,u,d])"""
4,-12.0,3.7,1.0,0.36,10.0,0.1,1.0,60.0,0.0004890740577294,y,"""qutip.tensor([u,d,u,d])"""
4,-11.9,3.7,1.0,0.36,10.0,0.1,1.0,60.0,0.0005900589553406,y,"""qutip.tensor([u,d,u,d])"""
4,-11.500000000000002,3.7,1.0,0.36,10.0,0.1,1.0,60.0,0.0012340739648618,y,"""qutip.tensor([u,d,u,d])"""
4,-11.6,3.7,1.0,0.36,10.0,0.1,1.0,60.0,0.0010723179243539,y,"""qutip.tensor([u,d,u,d])"""
4,-11.400000000000002,3.7,1.0,0.36,10.0,0.1,1.0,60.0,0.0013291041030276,y,"""qutip.tensor([u,d,u,d])"""
4,-11.300000000000002,3.7,1.0,0.36,10.0,0.1,1.0,60.0,0.001284464479171,y,"""qutip.tensor([u,d,u,d])"""
4,-0.3333333333333333,3.7,1.0,0.36,10.0,0.1,1.0,6.0,0.0100211839443639,y,"""qutip.tensor([u,d,u,d])"""
4,-0.5555555555555556,3.7,1.0,0.36,10.0,0.1,1.0,6.0,0.0095629441350249,y,"""qutip.tensor([u,d,u,d])"""
4,-1.0,3.7,1.0,0.36,10.0,0.1,1.0,6.0,0.0081161248947169,y,"""qutip.tensor([u,d,u,d])"""
4,-0.7777777777777778,3.7,1.0,0.36,10.0,0.1,1.0,6.0,0.0089138317245033,y,"""qutip.tensor([u,d,u,d])"""
4,0.1111111111111111,3.7,1.0,0.36,10.0,0.1,1.0,6.0,0.0102582100227542,y,"""qutip.tensor([u,d,u,d])"""
4,-0.1111111111111111,3.7,1.0,0.36,10.0,0.1,1.0,6.0,0.0102582100227542,y,"""qutip.tensor([u,d,u,d])"""
4,0.3333333333333332,3.7,1.0,0.36,10.0,0.1,1.0,6.0,0.0100211839443639,y,"""qutip.tensor([u,d,u,d])"""
4,0.5555555555555554,3.7,1.0,0.36,10.0,0.1,1.0,6.0,0.0095629441350249,y,"""qutip.tensor([u,d,u,d])"""
4,-0.3333333333333333,33.0,1.0,0.36,10.0,0.1,1.0,60.0,0.0001569299924492,,
4,-0.5555555555555556,33.0,1.0,0.36,10.0,0.1,1.0,60.0,0.0001221576476104,,
4,-1.0,33.0,1.0,0.36,10.0,0.1,1.0,60.0,8.7554050749495e-05,,
4,-0.7777777777777778,33.0,1.0,0.36,10.0,0.1,1.0,60.0,0.0001082645466113,,
4,0.1111111111111111,33.0,1.0,0.36,10.0,0.1,1.0,60.0,0.0002500161710373,,
4,-0.1111111111111111,33.0,1.0,0.36,10.0,0.1,1.0,60.0,0.0002500161710373,,
4,0.3333333333333332,33.0,1.0,0.36,10.0,0.1,1.0,60.0,0.0001569299924519,,
4,0.5555555555555554,33.0,1.0,0.36,10.0,0.1,1.0,60.0,0.000122167413638,,
3,0.4,33.71911071,1.0,0.36,10.0,0.1,79577.47155,60.0,1.24e-05,,
3,1.6,33.71911071,1.0,0.36,10.0,0.1,79577.47155,60.0,1.37e-05,,
3,-14.0,33.71911071,1.0,0.36,10.0,0.1,79577.47155,60.0,0.000951051,,
3,-16.8,33.71911071,1.0,0.36,10.0,0.1,79577.47155,60.0,8.29e-05,,
3,-17.0,33.71911071,1.0,0.36,10.0,0.1,79577.47155,60.0,8.59e-05,,
3,-14.2,33.71911071,1.0,0.36,10.0,0.1,79577.47155,60.0,0.000642787,,
3,1.4,33.71911071,1.0,0.36,10.0,0.1,79577.47155,60.0,1.34e-05,,
3,0.2,33.71911071,1.0,0.36,10.0,0.1,79577.47155,60.0,1.24e-05,,
3,6.6,33.71911071,1.0,0.36,10.0,0.1,79577.47155,60.0,0.000218972,,
3,1.0,33.71911071,1.0,0.36,10.0,0.1,79577.47155,60.0,1.3e-05,,
3,-0.2,33.71911071,1.0,0.36,10.0,0.1,79577.47155,60.0,1.24e-05,,
3,-16.6,33.71911071,1.0,0.36,10.0,0.1,79577.47155,60.0,8.3e-05,,
3,-13.8,33.71911071,1.0,0.36,10.0,0.1,79577.47155,60.0,0.001374018,,
3,-13.6,33.71911071,1.0,0.36,10.0,0.1,79577.47155,60.0,0.001689342,,
3,-16.4,33.71911071,1.0,0.36,10.0,0.1,79577.47155,60.0,8.55e-05,,
3,1.2,33.71911071,1.0,0.36,10.0,0.1,79577.47155,60.0,1.32e-05,,
3,6.8,33.71911071,1.0,0.36,10.0,0.1,79577.47155,60.0,0.000174421,,
3,2.0,33.71911071,1.0,0.36,10.0,0.1,79577.47155,60.0,1.45e-05,,
3,-0.8,33.71911071,1.0,0.36,10.0,0.1,79577.47155,60.0,1.28e-05,,
3,4.8,33.71911071,1.0,0.36,10.0,0.1,79577.47155,60.0,3.82e-05,,
3,-15.6,33.71911071,1.0,0.36,10.0,0.1,79577.47155,60.0,0.000120926,,
3,-14.4,33.71911071,1.0,0.36,10.0,0.1,79577.47155,60.0,0.000448742,,
3,-14.6,33.71911071,1.0,0.36,10.0,0.1,79577.47155,60.0,0.00032777,,
3,-15.8,33.71911071,1.0,0.36,10.0,0.1,79577.47155,60.0,0.000107605,,
3,4.6,33.71911071,1.0,0.36,10.0,0.1,79577.47155,60.0,3.37e-05,,
3,-1.0,33.71911071,1.0,0.36,10.0,0.1,79577.47155,60.0,1.3e-05,,
3,1.8,33.71911071,1.0,0.36,10.0,0.1,79577.47155,60.0,1.41e-05,,
3,-0.6,33.71911071,1.0,0.36,10.0,0.1,79577.47155,60.0,1.25e-05,,
3,2.2,33.71911071,1.0,0.36,10.0,0.1,79577.47155,60.0,1.51e-05,,
3,-17.4,33.71911071,1.0,0.36,10.0,0.1,79577.47155,60.0,0.000106942,,
3,-15.0,33.71911071,1.0,0.36,10.0,0.1,79577.47155,60.0,0.000198937,,
3,-16.2,33.71911071,1.0,0.36,10.0,0.1,79577.47155,60.0,9.04e-05,,
3,-16.0,33.71911071,1.0,0.36,10.0,0.1,79577.47155,60.0,9.77e-05,,
3,-14.8,33.71911071,1.0,0.36,10.0,0.1,79577.47155,60.0,0.000250302,,
3,-17.2,33.71911071,1.0,0.36,10.0,0.1,79577.47155,60.0,9.36e-05,,
3,2.4,33.71911071,1.0,0.36,10.0,0.1,79577.47155,60.0,1.57e-05,,
3,-0.4,33.71911071,1.0,0.36,10.0,0.1,79577.47155,60.0,1.24e-05,,
3,-20.4,33.71911071,1.0,0.36,10.0,0.1,79577.47155,60.0,4.31e-05,,
3,-9.8,33.71911071,1.0,0.36,10.0,0.1,79577.47155,60.0,0.001920478,,
3,-12.6,33.71911071,1.0,0.36,10.0,0.1,79577.47155,60.0,0.000400837,,
3,-2.0,33.71911071,1.0,0.36,10.0,0.1,79577.47155,60.0,1.45e-05,,
3,-4.8,33.71911071,1.0,0.36,10.0,0.1,79577.47155,60.0,3.82e-05,,
3,-5.0,33.71911071,1.0,0.36,10.0,0.1,79577.47155,60.0,4.38e-05,,
3,-2.2,33.71911071,1.0,0.36,10.0,0.1,79577.47155,60.0,1.51e-05,,
3,-12.4,33.71911071,1.0,0.36,10.0,0.1,79577.47155,60.0,0.000324526,,
3,-9.6,33.71911071,1.0,0.36,10.0,0.1,79577.47155,60.0,0.001363856,,
3,-20.6,33.71911071,1.0,0.36,10.0,0.1,79577.47155,60.0,3.82e-05,,
3,-21.0,33.71911071,1.0,0.36,10.0,0.1,79577.47155,60.0,3.15e-05,,
3,-12.8,33.71911071,1.0,0.36,10.0,0.1,79577.47155,60.0,0.000534185,,
3,-10.0,33.71911071,1.0,0.36,10.0,0.1,79577.47155,60.0,0.002230027,,
3,-7.2,33.71911071,1.0,0.36,10.0,0.1,79577.47155,60.0,0.000122062,,
3,-4.6,33.71911071,1.0,0.36,10.0,0.1,79577.47155,60.0,3.37e-05,,
3,-1.8,33.71911071,1.0,0.36,10.0,0.1,79577.47155,60.0,1.41e-05,,
3,-1.6,33.71911071,1.0,0.36,10.0,0.1,79577.47155,60.0,1.37e-05,,
3,-4.4,33.71911071,1.0,0.36,10.0,0.1,79577.47155,60.0,3.02e-05,,
3,-7.4,33.71911071,1.0,0.36,10.0,0.1,79577.47155,60.0,0.000116589,,
3,-10.2,33.71911071,1.0,0.36,10.0,0.1,79577.47155,60.0,0.001948346,,
3,-13.0,33.71911071,1.0,0.36,10.0,0.1,79577.47155,60.0,0.000760248,,
3,-20.8,33.71911071,1.0,0.36,10.0,0.1,79577.47155,60.0,3.45e-05,,
3,-20.0,33.71911071,1.0,0.36,10.0,0.1,79577.47155,60.0,5.81e-05,,
3,-5.4,33.71911071,1.0,0.36,10.0,0.1,79577.47155,60.0,6.08e-05,,
3,-12.2,33.71911071,1.0,0.36,10.0,0.1,79577.47155,60.0,0.000283089,,
3,-11.0,33.71911071,1.0,0.36,10.0,0.1,79577.47155,60.0,0.00049882,,
3,-3.6,33.71911071,1.0,0.36,10.0,0.1,79577.47155,60.0,2.16e-05,,
3,-2.4,33.71911071,1.0,0.36,10.0,0.1,79577.47155,60.0,1.57e-05,,
3,-2.6,33.71911071,1.0,0.36,10.0,0.1,79577.47155,60.0,1.64e-05,,
3,-3.8,33.71911071,1.0,0.36,10.0,0.1,79577.47155,60.0,2.32e-05,,
3,-10.8,33.71911071,1.0,0.36,10.0,0.1,79577.47155,60.0,0.000676043,,
3,-12.0,33.71911071,1.0,0.36,10.0,0.1,79577.47155,60.0,0.000265106,,
3,-5.2,33.71911071,1.0,0.36,10.0,0.1,79577.47155,60.0,5.09e-05,,
3,-20.2,33.71911071,1.0,0.36,10.0,0.1,79577.47155,60.0,4.94e-05,,
3,8.8,33.71911071,1.0,0.36,10.0,0.1,79577.47155,60.0,0.000330791,,
3,-19.8,33.71911071,1.0,0.36,10.0,0.1,79577.47155,60.0,7.03e-05,,
3,-10.4,33.71911071,1.0,0.36,10.0,0.1,79577.47155,60.0,0.00140453,,
3,-11.6,33.71911071,1.0,0.36,10.0,0.1,79577.47155,60.0,0.000284173,,
3,-3.0,33.71911071,1.0,0.36,10.0,0.1,79577.47155,60.0,1.81e-05,,
3,-4.2,33.71911071,1.0,0.36,10.0,0.1,79577.47155,60.0,2.75e-05,,
3,-4.0,33.71911071,1.0,0.36,10.0,0.1,79577.47155,60.0,2.51e-05,,
3,-2.8,33.71911071,1.0,0.36,10.0,0.1,79577.47155,60.0,1.71e-05,,
3,-11.8,33.71911071,1.0,0.36,10.0,0.1,79577.47155,60.0,0.000265866,,
3,-10.6,33.71911071,1.0,0.36,10.0,0.1,79577.47155,60.0,0.000962835,,
3,-19.6,33.71911071,1.0,0.36,10.0,0.1,79577.47155,60.0,8.86e-05,,
3,8.6,33.71911071,1.0,0.36,10.0,0.1,79577.47155,60.0,0.000255227,,
3,-8.8,33.71911071,1.0,0.36,10.0,0.1,79577.47155,60.0,0.000330791,,
3,-9.0,33.71911071,1.0,0.36,10.0,0.1,79577.47155,60.0,0.000446502,,
3,-8.6,33.71911071,1.0,0.36,10.0,0.1,79577.47155,60.0,0.000255227,,
3,-8.4,33.71911071,1.0,0.36,10.0,0.1,79577.47155,60.0,0.0002045,,
3,-7.6,33.71911071,1.0,0.36,10.0,0.1,79577.47155,60.0,0.000119586,,
3,-7.8,33.71911071,1.0,0.36,10.0,0.1,79577.47155,60.0,0.000129229,,
3,-9.4,33.71911071,1.0,0.36,10.0,0.1,79577.47155,60.0,0.000917804,,
3,-8.2,33.71911071,1.0,0.36,10.0,0.1,79577.47155,60.0,0.000169696,,
3,-8.0,33.71911071,1.0,0.36,10.0,0.1,79577.47155,60.0,0.0001456,,
3,-9.2,33.71911071,1.0,0.36,10.0,0.1,79577.47155,60.0,0.000627992,,
3,-12.4,33.71911071,1.0,0.36,10.0,0.1,79577.47155,60.0,0.000324526,,
3,-12.6,33.71911071,1.0,0.36,10.0,0.1,79577.47155,60.0,0.000401118,,
3,-13.0,33.71911071,1.0,0.36,10.0,0.1,79577.47155,60.0,0.000760248,,
3,-12.8,33.71911071,1.0,0.36,10.0,0.1,79577.47155,60.0,0.000534185,,
3,-12.0,33.71911071,1.0,0.36,10.0,0.1,79577.47155,60.0,0.000265106,,
3,-12.2,33.71911071,1.0,0.36,10.0,0.1,79577.47155,60.0,0.000283089,,
3,-11.8,33.71911071,1.0,0.36,10.0,0.1,79577.47155,60.0,0.000265866,,
3,-11.6,33.71911071,1.0,0.36,10.0,0.1,79577.47155,60.0,0.000284173,,
3,-3.8,3.769911184,1.0,0.36,10.0,0.1,79577.47155,60.0,0.000593498,,
3,-4.0,3.769911184,1.0,0.36,10.0,0.1,79577.47155,60.0,0.000514917,,
3,-3.6,3.769911184,1.0,0.36,10.0,0.1,79577.47155,60.0,0.000691438,,
3,-3.4,3.769911184,1.0,0.36,10.0,0.1,79577.47155,60.0,0.000817681,,
3,-2.6,3.769911184,1.0,0.36,10.0,0.1,79577.47155,60.0,0.002044478,,
3,-2.8,3.769911184,1.0,0.36,10.0,0.1,79577.47155,60.0,0.001550727,,
3,-4.4,3.769911184,1.0,0.36,10.0,0.1,79577.47155,60.0,0.000397651,,
3,-3.2,3.769911184,1.0,0.36,10.0,0.1,79577.47155,60.0,0.000985935,,
3,-3.0,3.769911184,1.0,0.36,10.0,0.1,79577.47155,60.0,0.001218189,,
3,-4.2,3.769911184,1.0,0.36,10.0,0.1,79577.47155,60.0,0.000450471,,
3,-7.4,3.769911184,1.0,0.36,10.0,0.1,79577.47155,60.0,0.000101071,,
3,-7.6,3.769911184,1.0,0.36,10.0,0.1,79577.47155,60.0,9.72e-05,,
3,-8.0,3.769911184,1.0,0.36,10.0,0.1,79577.47155,60.0,0.000102061,,
3,-7.8,3.769911184,1.0,0.36,10.0,0.1,79577.47155,60.0,9.68e-05,,
3,-7.0,3.769911184,1.0,0.36,10.0,0.1,79577.47155,60.0,0.000115481,,
3,-7.2,3.769911184,1.0,0.36,10.0,0.1,79577.47155,60.0,0.00010736,,
3,-6.8,3.769911184,1.0,0.36,10.0,0.1,79577.47155,60.0,0.000124954,,
3,-6.6,3.769911184,1.0,0.36,10.0,0.1,79577.47155,60.0,0.00013529,,
3,-18.8,3.769911184,1.0,0.36,10.0,0.1,79577.47155,60.0,4.78e-05,,
3,-19.0,3.769911184,1.0,0.36,10.0,0.1,79577.47155,60.0,5.2e-05,,
3,-18.6,3.769911184,1.0,0.36,10.0,0.1,79577.47155,60.0,4.52e-05,,
3,-18.4,3.769911184,1.0,0.36,10.0,0.1,79577.47155,60.0,4.38e-05,,
3,-17.6,3.769911184,1.0,0.36,10.0,0.1,79577.47155,60.0,4.4e-05,,
3,-17.8,3.769911184,1.0,0.36,10.0,0.1,79577.47155,60.0,4.36e-05,,
3,-19.4,3.769911184,1.0,0.36,10.0,0.1,79577.47155,60.0,6.2e-05,,
3,-18.2,3.769911184,1.0,0.36,10.0,0.1,79577.47155,60.0,4.33e-05,,
3,-18.0,3.769911184,1.0,0.36,10.0,0.1,79577.47155,60.0,4.33e-05,,
3,-19.2,3.769911184,1.0,0.36,10.0,0.1,79577.47155,60.0,5.77e-05,,
3,-22.4,3.769911184,1.0,0.36,10.0,0.1,79577.47155,60.0,3.79e-05,,
3,-22.6,3.769911184,1.0,0.36,10.0,0.1,79577.47155,60.0,3.26e-05,,
3,-23.0,3.769911184,1.0,0.36,10.0,0.1,79577.47155,60.0,2.65e-05,,
3,-22.8,3.769911184,1.0,0.36,10.0,0.1,79577.47155,60.0,2.9e-05,,
3,-22.0,3.769911184,1.0,0.36,10.0,0.1,79577.47155,60.0,5.53e-05,,
3,-22.2,3.769911184,1.0,0.36,10.0,0.1,79577.47155,60.0,4.59e-05,,
3,-21.8,3.769911184,1.0,0.36,10.0,0.1,79577.47155,60.0,6.05e-05,,
3,-21.6,3.769911184,1.0,0.36,10.0,0.1,79577.47155,60.0,5.88e-05,,
3,-8.8,3.769911184,1.0,0.36,10.0,0.1,79577.47155,60.0,0.000364932,,
3,-9.0,3.769911184,1.0,0.36,10.0,0.1,79577.47155,60.0,0.000458922,,
3,-8.6,3.769911184,1.0,0.36,10.0,0.1,79577.47155,60.0,0.00023538,,
3,-8.4,3.769911184,1.0,0.36,10.0,0.1,79577.47155,60.0,0.000156253,,
3,-7.6,3.769911184,1.0,0.36,10.0,0.1,79577.47155,60.0,9.72e-05,,
3,-7.8,3.769911184,1.0,0.36,10.0,0.1,79577.47155,60.0,9.68e-05,,
3,-9.4,3.769911184,1.0,0.36,10.0,0.1,79577.47155,60.0,0.000385034,,
3,-8.2,3.769911184,1.0,0.36,10.0,0.1,79577.47155,60.0,0.000118316,,
3,-8.0,3.769911184,1.0,0.36,10.0,0.1,79577.47155,60.0,0.000102061,,
3,-9.2,3.769911184,1.0,0.36,10.0,0.1,79577.47155,60.0,0.000429977,,
3,-12.4,3.769911184,1.0,0.36,10.0,0.1,79577.47155,60.0,0.000140673,,
3,-12.6,3.769911184,1.0,0.36,10.0,0.1,79577.47155,60.0,0.000127655,,
3,-12.6,3.769911184,1.0,0.36,10.0,0.1,79577.47155,60.0,0.000127655,,
3,-13.0,3.769911184,1.0,0.36,10.0,0.1,79577.47155,60.0,0.000108054,,
3,-13.0,3.769911184,1.0,0.36,10.0,0.1,79577.47155,60.0,0.000108054,,
3,-12.8,3.769911184,1.0,0.36,10.0,0.1,79577.47155,60.0,0.000116976,,
3,-12.8,3.769911184,1.0,0.36,10.0,0.1,79577.47155,60.0,0.000116976,,
3,-12.0,3.769911184,1.0,0.36,10.0,0.1,79577.47155,60.0,0.000180051,,
3,-12.2,3.769911184,1.0,0.36,10.0,0.1,79577.47155,60.0,0.000157433,,
3,-11.8,3.769911184,1.0,0.36,10.0,0.1,79577.47155,60.0,0.000211627,,
3,-11.6,3.769911184,1.0,0.36,10.0,0.1,79577.47155,60.0,0.000257065,,
3,1.0,3.769911184,1.0,0.36,10.0,0.1,79577.47155,60.0,0.008157399,,
3,0.6,3.769911184,1.0,0.36,10.0,0.1,79577.47155,60.0,0.012491622,,
3,0.8,3.769911184,1.0,0.36,10.0,0.1,79577.47155,60.0,0.010705302,,
3,-2.4,3.769911184,1.0,0.36,10.0,0.1,79577.47155,60.0,0.002794295,,
3,-2.6,3.769911184,1.0,0.36,10.0,0.1,79577.47155,60.0,0.002044478,,
3,-3.0,3.769911184,1.0,0.36,10.0,0.1,79577.47155,60.0,0.001218189,,
3,-2.8,3.769911184,1.0,0.36,10.0,0.1,79577.47155,60.0,0.001550727,,
3,-2.0,3.769911184,1.0,0.36,10.0,0.1,79577.47155,60.0,0.005155007,,
3,-2.2,3.769911184,1.0,0.36,10.0,0.1,79577.47155,60.0,0.003888289,,
3,-1.8,3.769911184,1.0,0.36,10.0,0.1,79577.47155,60.0,0.005870382,,
3,-1.6,3.769911184,1.0,0.36,10.0,0.1,79577.47155,60.0,0.005758963,,
3,-1.2,3.769911184,1.0,0.36,10.0,0.1,79577.47155,60.0,0.006414064,,
3,-1.4,3.769911184,1.0,0.36,10.0,0.1,79577.47155,60.0,0.005701814,,
3,-0.2,3.769911184,1.0,0.36,10.0,0.1,79577.47155,60.0,0.010162606,,
3,0.4,3.769911184,1.0,0.36,10.0,0.1,79577.47155,60.0,0.011848817,,
3,0.2,3.769911184,1.0,0.36,10.0,0.1,79577.47155,60.0,0.010162606,,
3,-0.6,3.769911184,1.0,0.36,10.0,0.1,79577.47155,60.0,0.012491622,,
3,-0.4,3.769911184,1.0,0.36,10.0,0.1,79577.47155,60.0,0.011848817,,
3,-1.25,0.0,1.0,0.0,0.0,0.1,79577.47155,60.0,0.005522899,,
3,-1.95,0.0,1.0,0.0,0.0,0.1,79577.47155,60.0,0.00245769,,
3,1.2,0.0,1.0,0.0,0.0,0.1,79577.47155,60.0,0.005932927,,
3,-2.0,0.0,1.0,0.0,0.0,0.1,79577.47155,60.0,0.002345301,,
3,1.0,0.0,1.0,0.0,0.0,0.1,79577.47155,60.0,0.008078869,,
3,-1.3,0.0,1.0,0.0,0.0,0.1,79577.47155,60.0,0.005152172,,
3,-1.9,0.0,1.0,0.0,0.0,0.1,79577.47155,60.0,0.002578488,,
3,1.4,0.0,1.0,0.0,0.0,0.1,79577.47155,60.0,0.004511166,,
3,-1.2,0.0,1.0,0.0,0.0,0.1,79577.47155,60.0,0.005932927,,
3,-1.15,0.0,1.0,0.0,0.0,0.1,79577.47155,60.0,0.006387311,,
3,-1.85,0.0,1.0,0.0,0.0,0.1,79577.47155,60.0,0.002708555,,
3,1.6,0.0,1.0,0.0,0.0,0.1,79577.47155,60.0,0.003537781,,
3,-1.65,0.0,1.0,0.0,0.0,0.1,79577.47155,60.0,0.003343614,,
3,2.4,0.0,1.0,0.0,0.0,0.1,79577.47155,60.0,0.00167021,,
3,-1.35,0.0,1.0,0.0,0.0,0.1,79577.47155,60.0,0.00481619,,
3,-1.4,0.0,1.0,0.0,0.0,0.1,79577.47155,60.0,0.004511166,,
3,-1.7,0.0,1.0,0.0,0.0,0.1,79577.47155,60.0,0.003165118,,
3,2.2,0.0,1.0,0.0,0.0,0.1,79577.47155,60.0,0.00196532,,
3,-2.1,0.0,1.0,0.0,0.0,0.1,79577.47155,60.0,0.002142686,,
3,0.6,0.0,1.0,0.0,0.0,0.1,79577.47155,60.0,0.016658815,,
3,-1.5,0.0,1.0,0.0,0.0,0.1,79577.47155,60.0,0.003980608,,
3,-1.8,0.0,1.0,0.0,0.0,0.1,79577.47155,60.0,0.002848926,,
3,1.8,0.0,1.0,0.0,0.0,0.1,79577.47155,60.0,0.002848926,,
3,-1.75,0.0,1.0,0.0,0.0,0.1,79577.47155,60.0,0.003000695,,
3,2.0,0.0,1.0,0.0,0.0,0.1,79577.47155,60.0,0.002345301,,
3,-1.45,0.0,1.0,0.0,0.0,0.1,79577.47155,60.0,0.00423364,,
3,-2.05,0.0,1.0,0.0,0.0,0.1,79577.47155,60.0,0.002240533,,
3,0.8,0.0,1.0,0.0,0.0,0.1,79577.47155,60.0,0.011413421,,
3,-2.85,0.0,1.0,0.0,0.0,0.1,79577.47155,60.0,0.001202241,,
3,-2.4,0.0,1.0,0.0,0.0,0.1,79577.47155,60.0,0.00167021,,
3,-0.2,0.0,1.0,0.0,0.0,0.1,79577.47155,60.0,0.0339783,,
3,-0.9,0.0,1.0,0.0,0.0,0.1,79577.47155,60.0,0.009558645,,
3,-0.85,0.0,1.0,0.0,0.0,0.1,79577.47155,60.0,0.010433289,,
3,-0.15,0.0,1.0,0.0,0.0,0.1,79577.47155,60.0,0.035971854,,
3,-2.9,0.0,1.0,0.0,0.0,0.1,79577.47155,60.0,0.001162078,,
3,-2.6,0.0,1.0,0.0,0.0,0.1,79577.47155,60.0,0.001435216,,
3,-3.0,0.0,1.0,0.0,0.0,0.1,79577.47155,60.0,0.001087199,,
3,-3.0,0.0,1.0,0.0,0.0,0.1,79577.47155,60.0,0.001087199,,
3,-0.95,0.0,1.0,0.0,0.0,0.1,79577.47155,60.0,0.008777458,,
3,-0.25,0.0,1.0,0.0,0.0,0.1,79577.47155,60.0,0.031709626,,
3,-0.3,0.0,1.0,0.0,0.0,0.1,79577.47155,60.0,0.029307015,,
3,-1.0,0.0,1.0,0.0,0.0,0.1,79577.47155,60.0,0.008078869,,
3,-2.95,0.0,1.0,0.0,0.0,0.1,79577.47155,60.0,0.001123765,,
3,-2.8,0.0,1.0,0.0,0.0,0.1,79577.47155,60.0,0.001244368,,
3,-2.75,0.0,1.0,0.0,0.0,0.1,79577.47155,60.0,0.001288584,,
3,-2.0,0.0,1.0,0.0,0.0,0.1,79577.47155,60.0,0.002345301,,
3,-0.8,0.0,1.0,0.0,0.0,0.1,79577.47155,60.0,0.011413421,,
3,-0.5,0.0,1.0,0.0,0.0,0.1,79577.47155,60.0,0.020253697,,
3,-0.45,0.0,1.0,0.0,0.0,0.1,79577.47155,60.0,0.022315261,,
3,-0.75,0.0,1.0,0.0,0.0,0.1,79577.47155,60.0,0.012512139,,
3,-2.8,0.0,1.0,0.0,0.0,0.1,79577.47155,60.0,0.001244368,,
3,-2.2,0.0,1.0,0.0,0.0,0.1,79577.47155,60.0,0.00196532,,
3,-2.7,0.0,1.0,0.0,0.0,0.1,79577.47155,60.0,0.001335029,,
3,-1.8,0.0,1.0,0.0,0.0,0.1,79577.47155,60.0,0.002848926,,
3,-0.35,0.0,1.0,0.0,0.0,0.1,79577.47155,60.0,0.026887376,,
3,-0.65,0.0,1.0,0.0,0.0,0.1,79577.47155,60.0,0.015121109,,
3,-0.7,0.0,1.0,0.0,0.0,0.1,79577.47155,60.0,0.013743328,,
3,-0.4,0.0,1.0,0.0,0.0,0.1,79577.47155,60.0,0.024537562,,
3,-2.65,0.0,1.0,0.0,0.0,0.1,79577.47155,60.0,0.001383849,,
3,-1.6,0.0,1.0,0.0,0.0,0.1,79577.47155,60.0,0.003537781,,
3,0.4,0.0,1.0,0.0,0.0,0.1,79577.47155,60.0,0.024537562,,
3,-0.1,0.0,1.0,0.0,0.0,0.1,79577.47155,60.0,0.037539847,,
3,-1.1,0.0,1.0,0.0,0.0,0.1,79577.47155,60.0,0.006891857,,
3,-0.6,0.0,1.0,0.0,0.0,0.1,79577.47155,60.0,0.016658815,,
3,0.9,0.0,1.0,0.0,0.0,0.1,79577.47155,60.0,0.009558645,,
3,-2.55,0.0,1.0,0.0,0.0,0.1,79577.47155,60.0,0.001489316,,
3,-1.2,0.0,1.0,0.0,0.0,0.1,79577.47155,60.0,0.005932927,,
3,-0.6,0.0,1.0,0.0,0.0,0.1,79577.47155,60.0,0.016658815,,
3,-0.55,0.0,1.0,0.0,0.0,0.1,79577.47155,60.0,0.018367585,,
3,-2.6,0.0,1.0,0.0,0.0,0.1,79577.47155,60.0,0.001435216,,
3,-1.4,0.0,1.0,0.0,0.0,0.1,79577.47155,60.0,0.004511166,,
3,-0.05,0.0,1.0,0.0,0.0,0.1,79577.47155,60.0,0.038545543,,
3,-0.1,0.0,1.0,0.0,0.0,0.1,79577.47155,60.0,0.037539847,,
3,-2.3,0.0,1.0,0.0,0.0,0.1,79577.47155,60.0,0.001808959,,
3,-0.2,0.0,1.0,0.0,0.0,0.1,79577.47155,60.0,0.0339783,,
3,-1.6,0.0,1.0,0.0,0.0,0.1,79577.47155,60.0,0.003537781,,
3,2.6,0.0,1.0,0.0,0.0,0.1,79577.47155,60.0,0.001435216,,
3,-1.55,0.0,1.0,0.0,0.0,0.1,79577.47155,60.0,0.003749429,,
3,2.8,0.0,1.0,0.0,0.0,0.1,79577.47155,60.0,0.001244368,,
3,-2.25,0.0,1.0,0.0,0.0,0.1,79577.47155,60.0,0.001884744,,
3,-2.15,0.0,1.0,0.0,0.0,0.1,79577.47155,60.0,0.002051135,,
3,0.4,0.0,1.0,0.0,0.0,0.1,79577.47155,60.0,0.024537562,,
3,-2.2,0.0,1.0,0.0,0.0,0.1,79577.47155,60.0,0.00196532,,
3,0.2,0.0,1.0,0.0,0.0,0.1,79577.47155,60.0,0.0339783,,
3,-2.4,0.0,1.0,0.0,0.0,0.1,79577.47155,60.0,0.00167021,,
3,-0.6,0.0,1.0,0.0,0.0,0.1,79577.47155,60.0,0.016658815,,
3,-2.35,0.0,1.0,0.0,0.0,0.1,79577.47155,60.0,0.001737567,,
3,-0.4,0.0,1.0,0.0,0.0,0.1,79577.47155,60.0,0.024537562,,
3,-1.05,0.0,1.0,0.0,0.0,0.1,79577.47155,60.0,0.007453194,,
3,-2.45,0.0,1.0,0.0,0.0,0.1,79577.47155,60.0,0.001606569,,
3,-0.8,0.0,1.0,0.0,0.0,0.1,79577.47155,60.0,0.011413421,,
3,-2.5,0.0,1.0,0.0,0.0,0.1,79577.47155,60.0,0.001546357,,
3,-1.0,0.0,1.0,0.0,0.0,0.1,79577.47155,60.0,0.008078869,,
3,-1.1,0.0,1.0,0.0,0.0,0.1,79577.47155,60.0,0.006891857,,
3,-0.8,3.769911184,1.0,0.36,10.0,0.1,79577.47155,60.0,0.010705302,,
3,-1.0,3.769911184,1.0,0.36,10.0,0.1,79577.47155,60.0,0.008157399,,
3,-11.2,3.769911184,1.0,0.36,10.0,0.1,79577.47155,60.0,0.00038922,,
3,-11.4,3.769911184,1.0,0.36,10.0,0.1,79577.47155,60.0,0.000320831,,
3,-10.2,3.769911184,1.0,0.36,10.0,0.1,79577.47155,60.0,0.000639271,,
3,-7.4,3.769911184,1.0,0.36,10.0,0.1,79577.47155,60.0,0.000101071,,
3,-7.2,3.769911184,1.0,0.36,10.0,0.1,79577.47155,60.0,0.00010736,,
3,-10.0,3.769911184,1.0,0.36,10.0,0.1,79577.47155,60.0,0.000678914,,
3,-9.6,3.769911184,1.0,0.36,10.0,0.1,79577.47155,60.0,0.000414069,,
3,-9.8,3.769911184,1.0,0.36,10.0,0.1,79577.47155,60.0,0.000542417,,
3,-10.6,3.769911184,1.0,0.36,10.0,0.1,79577.47155,60.0,0.000412328,,
3,-10.4,3.769911184,1.0,0.36,10.0,0.1,79577.47155,60.0,0.000504974,,
3,-10.8,3.769911184,1.0,0.36,10.0,0.1,79577.47155,60.0,0.00038883,,
3,-11.0,3.769911184,1.0,0.36,10.0,0.1,79577.47155,60.0,0.000408784,,
3,-21.2,3.769911184,1.0,0.36,10.0,0.1,79577.47155,60.0,5.78e-05,,
3,-21.4,3.769911184,1.0,0.36,10.0,0.1,79577.47155,60.0,5.62e-05,,
3,-20.2,3.769911184,1.0,0.36,10.0,0.1,79577.47155,60.0,7.21e-05,,
3,-17.4,3.769911184,1.0,0.36,10.0,0.1,79577.47155,60.0,4.44e-05,,
3,-17.2,3.769911184,1.0,0.36,10.0,0.1,79577.47155,60.0,4.51e-05,,
3,-20.0,3.769911184,1.0,0.36,10.0,0.1,79577.47155,60.0,6.39e-05,,
3,-19.6,3.769911184,1.0,0.36,10.0,0.1,79577.47155,60.0,6.19e-05,,
3,-19.8,3.769911184,1.0,0.36,10.0,0.1,79577.47155,60.0,6.1e-05,,
3,-20.6,3.769911184,1.0,0.36,10.0,0.1,79577.47155,60.0,8.72e-05,,
3,-20.4,3.769911184,1.0,0.36,10.0,0.1,79577.47155,60.0,8.32e-05,,
3,-20.8,3.769911184,1.0,0.36,10.0,0.1,79577.47155,60.0,7.79e-05,,
3,-21.0,3.769911184,1.0,0.36,10.0,0.1,79577.47155,60.0,6.53e-05,,
3,-6.2,3.769911184,1.0,0.36,10.0,0.1,79577.47155,60.0,0.000159563,,
3,-6.4,3.769911184,1.0,0.36,10.0,0.1,79577.47155,60.0,0.000146462,,
3,-5.2,3.769911184,1.0,0.36,10.0,0.1,79577.47155,60.0,0.000257124,,
3,-2.4,3.769911184,1.0,0.36,10.0,0.1,79577.47155,60.0,0.002794295,,
3,-2.2,3.769911184,1.0,0.36,10.0,0.1,79577.47155,60.0,0.003888289,,
3,-5.0,3.769911184,1.0,0.36,10.0,0.1,79577.47155,60.0,0.000285114,,
3,-4.6,3.769911184,1.0,0.36,10.0,0.1,79577.47155,60.0,0.000353939,,
3,-4.8,3.769911184,1.0,0.36,10.0,0.1,79577.47155,60.0,0.000316983,,
3,-5.6,3.769911184,1.0,0.36,10.0,0.1,79577.47155,60.0,0.000211094,,
3,-5.4,3.769911184,1.0,0.36,10.0,0.1,79577.47155,60.0,0.000232518,,
3,-5.8,3.769911184,1.0,0.36,10.0,0.1,79577.47155,60.0,0.000191948,,
3,-6.0,3.769911184,1.0,0.36,10.0,0.1,79577.47155,60.0,0.000174782,,
3,-11.2,33.71911071,1.0,0.36,10.0,0.1,79577.47155,60.0,0.000389733,,
3,-11.4,33.71911071,1.0,0.36,10.0,0.1,79577.47155,60.0,0.000322972,,
3,-10.2,33.71911071,1.0,0.36,10.0,0.1,79577.47155,60.0,0.001948346,,
3,-7.4,33.71911071,1.0,0.36,10.0,0.1,79577.47155,60.0,0.000116589,,
3,-7.2,33.71911071,1.0,0.36,10.0,0.1,79577.47155,60.0,0.000122062,,
3,-10.0,33.71911071,1.0,0.36,10.0,0.1,79577.47155,60.0,0.002230027,,
3,-9.6,33.71911071,1.0,0.36,10.0,0.1,79577.47155,60.0,0.001363856,,
3,-9.8,33.71911071,1.0,0.36,10.0,0.1,79577.47155,60.0,0.001920478,,
3,-10.6,33.71911071,1.0,0.36,10.0,0.1,79577.47155,60.0,0.000962835,,
3,-10.4,33.71911071,1.0,0.36,10.0,0.1,79577.47155,60.0,0.00140453,,
3,-10.8,33.71911071,1.0,0.36,10.0,0.1,79577.47155,60.0,0.000676043,,
3,-11.0,33.71911071,1.0,0.36,10.0,0.1,79577.47155,60.0,0.00049882,,
3,8.0,33.71911071,1.0,0.36,10.0,0.1,79577.47155,60.0,0.0001456,,
3,9.2,33.71911071,1.0,0.36,10.0,0.1,79577.47155,60.0,0.000627992,,
3,-5.6,33.71911071,1.0,0.36,10.0,0.1,79577.47155,60.0,7.61e-05,,
3,-8.4,33.71911071,1.0,0.36,10.0,0.1,79577.47155,60.0,0.0002045,,
3,-3.4,33.71911071,1.0,0.36,10.0,0.1,79577.47155,60.0,2.02e-05,,
3,-3.2,33.71911071,1.0,0.36,10.0,0.1,79577.47155,60.0,1.91e-05,,
3,-8.6,33.71911071,1.0,0.36,10.0,0.1,79577.47155,60.0,0.000255227,,
3,-5.8,33.71911071,1.0,0.36,10.0,0.1,79577.47155,60.0,0.0001,,
3,9.0,33.71911071,1.0,0.36,10.0,0.1,79577.47155,60.0,0.000446502,,
3,7.8,33.71911071,1.0,0.36,10.0,0.1,79577.47155,60.0,0.000129229,,
3,9.4,33.71911071,1.0,0.36,10.0,0.1,79577.47155,60.0,0.000917804,,
3,8.2,33.71911071,1.0,0.36,10.0,0.1,79577.47155,60.0,0.000169696,,
3,-19.2,33.71911071,1.0,0.36,10.0,0.1,79577.47155,60.0,0.000161948,,
3,-9.0,33.71911071,1.0,0.36,10.0,0.1,79577.47155,60.0,0.000446502,,
3,-6.2,33.71911071,1.0,0.36,10.0,0.1,79577.47155,60.0,0.000190386,,
3,-11.4,33.71911071,1.0,0.36,10.0,0.1,79577.47155,60.0,0.000322972,,
3,-11.2,33.71911071,1.0,0.36,10.0,0.1,79577.47155,60.0,0.000389733,,
3,-6.0,33.71911071,1.0,0.36,10.0,0.1,79577.47155,60.0,0.000137764,,
3,-8.8,33.71911071,1.0,0.36,10.0,0.1,79577.47155,60.0,0.000330791,,
3,-19.4,33.71911071,1.0,0.36,10.0,0.1,79577.47155,60.0,0.000116916,,
3,8.4,33.71911071,1.0,0.36,10.0,0.1,79577.47155,60.0,0.0002045,,
3,9.6,33.71911071,1.0,0.36,10.0,0.1,79577.47155,60.0,0.001363856,,
3,7.6,33.71911071,1.0,0.36,10.0,0.1,79577.47155,60.0,0.000119586,,
3,-9.2,33.71911071,1.0,0.36,10.0,0.1,79577.47155,60.0,0.000627992,,
3,-8.0,33.71911071,1.0,0.36,10.0,0.1,79577.47155,60.0,0.0001456,,
3,-6.8,33.71911071,1.0,0.36,10.0,0.1,79577.47155,60.0,0.000174421,,
3,-7.0,33.71911071,1.0,0.36,10.0,0.1,79577.47155,60.0,0.000139727,,
3,-8.2,33.71911071,1.0,0.36,10.0,0.1,79577.47155,60.0,0.000169696,,
3,-9.4,33.71911071,1.0,0.36,10.0,0.1,79577.47155,60.0,0.000917804,,
3,7.4,33.71911071,1.0,0.36,10.0,0.1,79577.47155,60.0,0.000116589,,
3,7.0,33.71911071,1.0,0.36,10.0,0.1,79577.47155,60.0,0.000139727,,
3,9.8,33.71911071,1.0,0.36,10.0,0.1,79577.47155,60.0,0.001920478,,
3,-6.6,33.71911071,1.0,0.36,10.0,0.1,79577.47155,60.0,0.000218972,,
3,-7.8,33.71911071,1.0,0.36,10.0,0.1,79577.47155,60.0,0.000129229,,
3,-1.2,33.71911071,1.0,0.36,10.0,0.1,79577.47155,60.0,1.32e-05,,
3,-1.4,33.71911071,1.0,0.36,10.0,0.1,79577.47155,60.0,1.34e-05,,
3,-7.6,33.71911071,1.0,0.36,10.0,0.1,79577.47155,60.0,0.000119586,,
3,-6.4,33.71911071,1.0,0.36,10.0,0.1,79577.47155,60.0,0.000231912,,
3,7.2,33.71911071,1.0,0.36,10.0,0.1,79577.47155,60.0,0.000122062,,
3,4.2,33.71911071,1.0,0.36,10.0,0.1,79577.47155,60.0,2.75e-05,,
3,5.4,33.71911071,1.0,0.36,10.0,0.1,79577.47155,60.0,6.08e-05,,
3,-18.2,33.71911071,1.0,0.36,10.0,0.1,79577.47155,60.0,0.000344911,,
3,-15.4,33.71911071,1.0,0.36,10.0,0.1,79577.47155,60.0,0.000138915,,
3,-15.2,33.71911071,1.0,0.36,10.0,0.1,79577.47155,60.0,0.000163752,,
3,-18.0,33.71911071,1.0,0.36,10.0,0.1,79577.47155,60.0,0.00024043,,
3,5.6,33.71911071,1.0,0.36,10.0,0.1,79577.47155,60.0,7.61e-05,,
3,4.4,33.71911071,1.0,0.36,10.0,0.1,79577.47155,60.0,3.02e-05,,
3,2.8,33.71911071,1.0,0.36,10.0,0.1,79577.47155,60.0,1.71e-05,,
3,5.2,33.71911071,1.0,0.36,10.0,0.1,79577.47155,60.0,5.09e-05,,
3,4.0,33.71911071,1.0,0.36,10.0,0.1,79577.47155,60.0,2.51e-05,,
3,-17.6,33.71911071,1.0,0.36,10.0,0.1,79577.47155,60.0,0.00013091,,
3,-17.8,33.71911071,1.0,0.36,10.0,0.1,79577.47155,60.0,0.000171862,,
3,3.8,33.71911071,1.0,0.36,10.0,0.1,79577.47155,60.0,2.32e-05,,
3,5.0,33.71911071,1.0,0.36,10.0,0.1,79577.47155,60.0,4.38e-05,,
3,2.6,33.71911071,1.0,0.36,10.0,0.1,79577.47155,60.0,1.64e-05,,
3,5.8,33.71911071,1.0,0.36,10.0,0.1,79577.47155,60.0,0.0001,,
3,3.0,33.71911071,1.0,0.36,10.0,0.1,79577.47155,60.0,1.81e-05,,
3,0.6,33.71911071,1.0,0.36,10.0,0.1,79577.47155,60.0,1.25e-05,,
3,-18.6,33.71911071,1.0,0.36,10.0,0.1,79577.47155,60.0,0.000450126,,
3,-18.4,33.71911071,1.0,0.36,10.0,0.1,79577.47155,60.0,0.000450061,,
3,0.8,33.71911071,1.0,0.36,10.0,0.1,79577.47155,60.0,1.28e-05,,
3,3.2,33.71911071,1.0,0.36,10.0,0.1,79577.47155,60.0,1.91e-05,,
3,6.0,33.71911071,1.0,0.36,10.0,0.1,79577.47155,60.0,0.000137764,,
3,3.6,33.71911071,1.0,0.36,10.0,0.1,79577.47155,60.0,2.16e-05,,
3,6.4,33.71911071,1.0,0.36,10.0,0.1,79577.47155,60.0,0.000231912,,
3,-13.2,33.71911071,1.0,0.36,10.0,0.1,79577.47155,60.0,0.00111806,,
3,-18.8,33.71911071,1.0,0.36,10.0,0.1,79577.47155,60.0,0.00034304,,
3,-19.0,33.71911071,1.0,0.36,10.0,0.1,79577.47155,60.0,0.000234734,,
3,-13.4,33.71911071,1.0,0.36,10.0,0.1,79577.47155,60.0,0.001542946,,
3,6.2,33.71911071,1.0,0.36,10.0,0.1,79577.47155,60.0,0.000190386,,
3,3.4,33.71911071,1.0,0.36,10.0,0.1,79577.47155,60.0,2.02e-05,,
4,1.0,33.0,1.0,0.36,10.0,0.1,1.0,60.0,8.7554050749495e-05,,
4,0.7777777777777777,33.0,1.0,0.36,10.0,0.1,1.0,60.0,0.0001082388228596,,
4,1.0,3.7,1.0,0.36,10.0,0.1,1.0,6.0,0.0081161248947169,y,"""qutip.tensor([u,d,u,d])"""
4,0.7777777777777777,3.7,1.0,0.36,10.0,0.1,1.0,6.0,0.0089138317245033,y,"""qutip.tensor([u,d,u,d])"""
4,-11.100000000000003,3.7,1.0,0.36,10.0,0.1,1.0,60.0,0.0007850439135785,y,"""qutip.tensor([u,d,u,d])"""
4,-11.200000000000005,3.7,1.0,0.36,10.0,0.1,1.0,60.0,0.0010559766757626,y,"""qutip.tensor([u,d,u,d])"""
4,-10.600000000000003,3.7,1.0,0.36,10.0,0.1,1.0,60.0,0.0004407778396232,y,"""qutip.tensor([u,d,u,d])"""
4,-10.500000000000004,3.7,1.0,0.36,10.0,0.1,1.0,60.0,0.0002116055068943,y,"""qutip.tensor([u,d,u,d])"""
4,-10.300000000000006,3.7,1.0,0.36,10.0,0.1,1.0,60.0,8.104964822823813e-05,y,"""qutip.tensor([u,d,u,d])"""
4,-10.400000000000006,3.7,1.0,0.36,10.0,0.1,1.0,60.0,0.0001179265882252,y,"""qutip.tensor([u,d,u,d])"""
4,-10.800000000000004,3.7,1.0,0.36,10.0,0.1,1.0,60.0,0.0007162697667343,y,"""qutip.tensor([u,d,u,d])"""
4,-10.700000000000005,3.7,1.0,0.36,10.0,0.1,1.0,60.0,0.0007159697775437,y,"""qutip.tensor([u,d,u,d])"""
4,-10.900000000000004,3.7,1.0,0.36,10.0,0.1,1.0,60.0,0.0006043826421479,y,"""qutip.tensor([u,d,u,d])"""
4,-11.000000000000004,3.7,1.0,0.36,10.0,0.1,1.0,60.0,0.0006238052064731,y,"""qutip.tensor([u,d,u,d])"""
4,-4.300000000000027,3.7,1.0,0.36,10.0,0.1,1.0,60.0,0.0004198602111002,y,"""qutip.tensor([u,d,u,d])"""
4,-5.700000000000022,3.7,1.0,0.36,10.0,0.1,1.0,60.0,0.0001950592789486,y,"""qutip.tensor([u,d,u,d])"""
4,-3.200000000000032,3.7,1.0,0.36,10.0,0.1,1.0,60.0,0.001063178400524,y,"""qutip.tensor([u,d,u,d])"""
4,-3.100000000000032,3.7,1.0,0.36,10.0,0.1,1.0,60.0,0.0011962215998451,y,"""qutip.tensor([u,d,u,d])"""
4,-5.800000000000022,3.7,1.0,0.36,10.0,0.1,1.0,60.0,0.000185827577402,y,"""qutip.tensor([u,d,u,d])"""
4,-4.400000000000027,3.7,1.0,0.36,10.0,0.1,1.0,60.0,0.0003938946188462,y,"""qutip.tensor([u,d,u,d])"""
4,-11.100000000000003,3.7,1.0,0.36,10.0,0.1,1.0,60.0,0.0007850439135785,y,"""qutip.tensor([u,d,u,d])"""
4,-6.000000000000021,3.7,1.0,0.36,10.0,0.1,1.0,60.0,0.000169462729336,y,"""qutip.tensor([u,d,u,d])"""
4,-4.600000000000026,3.7,1.0,0.36,10.0,0.1,1.0,60.0,0.0003485727934511,y,"""qutip.tensor([u,d,u,d])"""
4,-7.200000000000017,3.7,1.0,0.36,10.0,0.1,1.0,60.0,9.960401705988976e-05,y,"""qutip.tensor([u,d,u,d])"""
4,-7.100000000000017,3.7,1.0,0.36,10.0,0.1,1.0,60.0,0.000104016947652,y,"""qutip.tensor([u,d,u,d])"""
4,-4.500000000000027,3.7,1.0,0.36,10.0,0.1,1.0,60.0,0.0003702405268631,y,"""qutip.tensor([u,d,u,d])"""
4,-5.900000000000022,3.7,1.0,0.36,10.0,0.1,1.0,60.0,0.0001774819487296,y,"""qutip.tensor([u,d,u,d])"""
4,-11.200000000000005,3.7,1.0,0.36,10.0,0.1,1.0,60.0,0.0010559766757626,y,"""qutip.tensor([u,d,u,d])"""
4,-6.100000000000021,3.7,1.0,0.36,10.0,0.1,1.0,60.0,0.0001618062785913,y,"""qutip.tensor([u,d,u,d])"""
4,-5.500000000000023,3.7,1.0,0.36,10.0,0.1,1.0,60.0,0.0002152152140833,y,"""qutip.tensor([u,d,u,d])"""
4,-4.900000000000025,3.7,1.0,0.36,10.0,0.1,1.0,60.0,0.0002931541370357,y,"""qutip.tensor([u,d,u,d])"""
4,-5.000000000000025,3.7,1.0,0.36,10.0,0.1,1.0,60.0,0.000277386635869,y,"""qutip.tensor([u,d,u,d])"""
4,-5.600000000000023,3.7,1.0,0.36,10.0,0.1,1.0,60.0,0.0002049178018238,y,"""qutip.tensor([u,d,u,d])"""
4,-6.200000000000021,3.7,1.0,0.36,10.0,0.1,1.0,60.0,0.0001544971304184,y,"""qutip.tensor([u,d,u,d])"""
4,-4.800000000000026,3.7,1.0,0.36,10.0,0.1,1.0,60.0,0.000310215710245,y,"""qutip.tensor([u,d,u,d])"""
4,-5.400000000000024,3.7,1.0,0.36,10.0,0.1,1.0,60.0,0.0002259950683213,y,"""qutip.tensor([u,d,u,d])"""
4,-2.100000000000035,3.7,1.0,0.36,10.0,0.1,1.0,60.0,0.0035553467049313,y,"""qutip.tensor([u,d,u,d])"""
4,-2.200000000000035,3.7,1.0,0.36,10.0,0.1,1.0,60.0,0.0034461768683687,y,"""qutip.tensor([u,d,u,d])"""
4,-5.300000000000024,3.7,1.0,0.36,10.0,0.1,1.0,60.0,0.0002373593422785,y,"""qutip.tensor([u,d,u,d])"""
4,-4.700000000000026,3.7,1.0,0.36,10.0,0.1,1.0,60.0,0.0003286387793087,y,"""qutip.tensor([u,d,u,d])"""
4,-10.600000000000003,3.7,1.0,0.36,10.0,0.1,1.0,60.0,0.0004407778396232,y,"""qutip.tensor([u,d,u,d])"""
4,-9.20000000000001,3.7,1.0,0.36,10.0,0.1,1.0,60.0,0.0001055511050792,y,"""qutip.tensor([u,d,u,d])"""
4,-9.10000000000001,3.7,1.0,0.36,10.0,0.1,1.0,60.0,0.0001170306243282,y,"""qutip.tensor([u,d,u,d])"""
4,-10.500000000000004,3.7,1.0,0.36,10.0,0.1,1.0,60.0,0.0002116055068943,y,"""qutip.tensor([u,d,u,d])"""
4,-0.1000000000000422,3.7,1.0,0.36,10.0,0.1,1.0,60.0,0.0134027149756276,y,"""qutip.tensor([u,d,u,d])"""
4,-10.300000000000006,3.7,1.0,0.36,10.0,0.1,1.0,60.0,8.104964822823813e-05,y,"""qutip.tensor([u,d,u,d])"""
4,-10.400000000000006,3.7,1.0,0.36,10.0,0.1,1.0,60.0,0.0001179265882252,y,"""qutip.tensor([u,d,u,d])"""
4,-0.2000000000000419,3.7,1.0,0.36,10.0,0.1,1.0,60.0,0.0122246296319274,y,"""qutip.tensor([u,d,u,d])"""
4,-1.2000000000000384,3.7,1.0,0.36,10.0,0.1,1.0,60.0,0.0092569072596195,y,"""qutip.tensor([u,d,u,d])"""
4,-10.800000000000004,3.7,1.0,0.36,10.0,0.1,1.0,60.0,0.0007162697667343,y,"""qutip.tensor([u,d,u,d])"""
4,-10.700000000000005,3.7,1.0,0.36,10.0,0.1,1.0,60.0,0.0007159697775437,y,"""qutip.tensor([u,d,u,d])"""
4,-1.1000000000000387,3.7,1.0,0.36,10.0,0.1,1.0,60.0,0.0096899427866348,y,"""qutip.tensor([u,d,u,d])"""
4,-8.100000000000014,3.7,1.0,0.36,10.0,0.1,1.0,60.0,7.091221487088294e-05,y,"""qutip.tensor([u,d,u,d])"""
4,-10.900000000000004,3.7,1.0,0.36,10.0,0.1,1.0,60.0,0.0006043826421479,y,"""qutip.tensor([u,d,u,d])"""
4,-11.000000000000004,3.7,1.0,0.36,10.0,0.1,1.0,60.0,0.0006238052064731,y,"""qutip.tensor([u,d,u,d])"""
4,-8.200000000000014,3.7,1.0,0.36,10.0,0.1,1.0,60.0,6.975364039586245e-05,y,"""qutip.tensor([u,d,u,d])"""
4,-4.300000000000027,3.7,1.0,0.36,10.0,0.1,1.0,60.0,0.0003838758467292,y,""""""
4,-5.700000000000022,3.7,1.0,0.36,10.0,0.1,1.0,60.0,0.000173352173789,y,""""""
4,-3.2000000000000317,3.7,1.0,0.36,10.0,0.1,1.0,60.0,0.0010045265077382,y,""""""
4,-3.100000000000032,3.7,1.0,0.36,10.0,0.1,1.0,60.0,0.0011355463115811,y,""""""
4,-5.800000000000022,3.7,1.0,0.36,10.0,0.1,1.0,60.0,0.0001647745349077,y,""""""
4,-4.400000000000027,3.7,1.0,0.36,10.0,0.1,1.0,60.0,0.0003591762011561,y,""""""
4,-11.100000000000003,3.7,1.0,0.36,10.0,0.1,1.0,60.0,0.0003864843120396,y,""""""
4,-6.000000000000021,3.7,1.0,0.36,10.0,0.1,1.0,60.0,0.0001495169472862,y,""""""
4,-4.600000000000026,3.7,1.0,0.36,10.0,0.1,1.0,60.0,0.0003157102720562,y,""""""
4,-7.200000000000017,3.7,1.0,0.36,10.0,0.1,1.0,60.0,9.728459265995585e-05,y,""""""
4,-7.100000000000017,3.7,1.0,0.36,10.0,0.1,1.0,60.0,9.886885625394484e-05,y,""""""
4,-4.500000000000027,3.7,1.0,0.36,10.0,0.1,1.0,60.0,0.0003365148637824,y,""""""
4,-5.900000000000022,3.7,1.0,0.36,10.0,0.1,1.0,60.0,0.0001568175847363,y,""""""
4,-11.200000000000005,3.7,1.0,0.36,10.0,0.1,1.0,60.0,0.0003647872703673,y,""""""
4,-6.100000000000021,3.7,1.0,0.36,10.0,0.1,1.0,60.0,0.0001427959969145,y,""""""
4,-5.500000000000023,3.7,1.0,0.36,10.0,0.1,1.0,60.0,0.0001921062850924,y,""""""
4,-4.900000000000025,3.7,1.0,0.36,10.0,0.1,1.0,60.0,0.0002638318188318,y,""""""
4,-5.000000000000025,3.7,1.0,0.36,10.0,0.1,1.0,60.0,0.0002496118373267,y,""""""
4,-5.600000000000023,3.7,1.0,0.36,10.0,0.1,1.0,60.0,0.0001824738837634,y,""""""
4,-6.200000000000021,3.7,1.0,0.36,10.0,0.1,1.0,60.0,0.0001365330507719,y,""""""
4,-4.800000000000026,3.7,1.0,0.36,10.0,0.1,1.0,60.0,0.0002794615205792,y,""""""
4,-5.400000000000024,3.7,1.0,0.36,10.0,0.1,1.0,60.0,0.0002022714000949,y,""""""
4,-2.100000000000035,3.7,1.0,0.36,10.0,0.1,1.0,60.0,0.0034309430863912,y,""""""
4,-2.200000000000035,3.7,1.0,0.36,10.0,0.1,1.0,60.0,0.0033691890677936,y,""""""
4,-5.300000000000024,3.7,1.0,0.36,10.0,0.1,1.0,60.0,0.0002130182406367,y,""""""
4,-4.700000000000026,3.7,1.0,0.36,10.0,0.1,1.0,60.0,0.0002967099331515,y,""""""
4,-10.600000000000003,3.7,1.0,0.36,10.0,0.1,1.0,60.0,0.0005872198942656,y,""""""
4,-9.20000000000001,3.7,1.0,0.36,10.0,0.1,1.0,60.0,0.0004411183621577,y,""""""
4,-9.10000000000001,3.7,1.0,0.36,10.0,0.1,1.0,60.0,0.0003951409117786,y,""""""
4,-10.500000000000004,3.7,1.0,0.36,10.0,0.1,1.0,60.0,0.0006025817180557,y,""""""
4,-0.1000000000000422,3.7,1.0,0.36,10.0,0.1,1.0,60.0,0.0108108726110527,y,""""""
4,-10.300000000000006,3.7,1.0,0.36,10.0,0.1,1.0,60.0,0.0005701579036475,y,""""""
4,-10.400000000000006,3.7,1.0,0.36,10.0,0.1,1.0,60.0,0.0005938406374272,y,""""""
4,-0.2000000000000419,3.7,1.0,0.36,10.0,0.1,1.0,60.0,0.0101721310170077,y,""""""
4,-1.2000000000000384,3.7,1.0,0.36,10.0,0.1,1.0,60.0,0.0075276998797889,y,""""""
4,-10.800000000000004,3.7,1.0,0.36,10.0,0.1,1.0,60.0,0.0005040955972064,y,""""""
4,-10.700000000000005,3.7,1.0,0.36,10.0,0.1,1.0,60.0,0.0005508043449573,y,""""""
4,-1.1000000000000387,3.7,1.0,0.36,10.0,0.1,1.0,60.0,0.0081028099277744,y,""""""
4,-8.100000000000014,3.7,1.0,0.36,10.0,0.1,1.0,60.0,0.0001662961340291,y,""""""
4,-10.900000000000004,3.7,1.0,0.36,10.0,0.1,1.0,60.0,0.0004575116334208,y,""""""
4,-11.000000000000004,3.7,1.0,0.36,10.0,0.1,1.0,60.0,0.0004174243608019,y,""""""
4,-8.200000000000014,3.7,1.0,0.36,10.0,0.1,1.0,60.0,0.0001965350581451,y,""""""
